{
  "anchors": [
    0.84,
    0.87,
    1.56,
    1.66,
    1.0,
    1.03,
    0.62,
    0.66,
    1.28,
    1.31
  ],
  "inputs": {
    "input0": [
      224,
      224,
      3
    ]
  },
  "outputs": {
    "output0": [
      7,
      7,
      60
    ]
  },
  "params_quantity": 1879116,
  "loss": [
    [
      1,
      1.3334
    ],
    [
      2,
      0.37926
    ],
    [
      3,
      0.20352
    ],
    [
      4,
      0.13938
    ],
    [
      5,
      0.10369
    ],
    [
      6,
      0.50724
    ],
    [
      7,
      0.17434
    ],
    [
      8,
      0.11171
    ],
    [
      9,
      0.06966
    ],
    [
      10,
      0.05583
    ],
    [
      11,
      0.03845
    ],
    [
      12,
      0.03347
    ],
    [
      13,
      0.02758
    ],
    [
      14,
      0.02196
    ],
    [
      15,
      0.02087
    ],
    [
      16,
      0.01625
    ],
    [
      17,
      0.01482
    ],
    [
      18,
      0.01302
    ],
    [
      19,
      0.01228
    ],
    [
      20,
      0.01269
    ],
    [
      21,
      0.01141
    ],
    [
      22,
      0.01043
    ],
    [
      23,
      0.01089
    ],
    [
      24,
      0.00998
    ],
    [
      25,
      0.00977
    ],
    [
      26,
      0.00914
    ],
    [
      27,
      0.00874
    ],
    [
      28,
      0.00773
    ],
    [
      29,
      0.00742
    ],
    [
      30,
      0.00695
    ],
    [
      31,
      0.00708
    ],
    [
      32,
      0.0071
    ],
    [
      33,
      0.00638
    ],
    [
      34,
      0.00643
    ],
    [
      35,
      0.00558
    ],
    [
      36,
      0.00581
    ],
    [
      37,
      0.00634
    ],
    [
      38,
      0.00533
    ],
    [
      39,
      0.00485
    ],
    [
      40,
      0.00481
    ],
    [
      41,
      0.00445
    ],
    [
      42,
      0.00454
    ],
    [
      43,
      0.00409
    ],
    [
      44,
      0.00356
    ],
    [
      45,
      0.00373
    ],
    [
      46,
      0.00348
    ],
    [
      47,
      0.00362
    ],
    [
      48,
      0.0038
    ],
    [
      49,
      0.00363
    ],
    [
      50,
      0.00374
    ],
    [
      51,
      0.00316
    ],
    [
      52,
      0.00291
    ],
    [
      53,
      0.0029
    ],
    [
      54,
      0.00286
    ],
    [
      55,
      0.00267
    ],
    [
      56,
      0.00243
    ],
    [
      57,
      0.00237
    ],
    [
      58,
      0.00218
    ],
    [
      59,
      0.0022
    ],
    [
      60,
      0.00221
    ],
    [
      61,
      0.00215
    ],
    [
      62,
      0.00214
    ],
    [
      63,
      0.00199
    ],
    [
      64,
      0.00206
    ],
    [
      65,
      0.0019
    ],
    [
      66,
      0.00197
    ],
    [
      67,
      0.00194
    ],
    [
      68,
      0.00176
    ],
    [
      69,
      0.00177
    ],
    [
      70,
      0.00173
    ],
    [
      71,
      0.00187
    ],
    [
      72,
      0.00182
    ],
    [
      73,
      0.00182
    ],
    [
      74,
      0.00178
    ],
    [
      75,
      0.00174
    ],
    [
      76,
      0.00174
    ],
    [
      77,
      0.00158
    ],
    [
      78,
      0.00159
    ],
    [
      79,
      0.00162
    ],
    [
      80,
      0.00164
    ],
    [
      81,
      0.00155
    ],
    [
      82,
      0.00151
    ],
    [
      83,
      0.00144
    ],
    [
      84,
      0.00147
    ],
    [
      85,
      0.00136
    ],
    [
      86,
      0.0014
    ],
    [
      87,
      0.00137
    ],
    [
      88,
      0.00128
    ],
    [
      89,
      0.00131
    ],
    [
      90,
      0.00131
    ],
    [
      91,
      0.00141
    ],
    [
      92,
      0.00132
    ],
    [
      93,
      0.00134
    ],
    [
      94,
      0.00122
    ],
    [
      95,
      0.00123
    ],
    [
      96,
      0.00116
    ],
    [
      97,
      0.00121
    ],
    [
      98,
      0.00121
    ],
    [
      99,
      0.00123
    ],
    [
      100,
      0.00118
    ]
  ],
  "acc": [
    [
      1,
      0.35594
    ],
    [
      2,
      0.42161
    ],
    [
      3,
      0.4623
    ],
    [
      4,
      0.45988
    ],
    [
      5,
      0.45823
    ],
    [
      6,
      0.37611
    ],
    [
      7,
      0.37201
    ],
    [
      8,
      0.38537
    ],
    [
      9,
      0.39326
    ],
    [
      10,
      0.39692
    ],
    [
      11,
      0.40665
    ],
    [
      12,
      0.40461
    ],
    [
      13,
      0.41041
    ],
    [
      14,
      0.41038
    ],
    [
      15,
      0.41125
    ],
    [
      16,
      0.40819
    ],
    [
      17,
      0.4079
    ],
    [
      18,
      0.40633
    ],
    [
      19,
      0.40666
    ],
    [
      20,
      0.40686
    ],
    [
      21,
      0.40846
    ],
    [
      22,
      0.41039
    ],
    [
      23,
      0.41186
    ],
    [
      24,
      0.41243
    ],
    [
      25,
      0.4113
    ],
    [
      26,
      0.41151
    ],
    [
      27,
      0.41016
    ],
    [
      28,
      0.41188
    ],
    [
      29,
      0.4125
    ],
    [
      30,
      0.41203
    ],
    [
      31,
      0.41169
    ],
    [
      32,
      0.41242
    ],
    [
      33,
      0.4124
    ],
    [
      34,
      0.41386
    ],
    [
      35,
      0.4142
    ],
    [
      36,
      0.41453
    ],
    [
      37,
      0.41608
    ],
    [
      38,
      0.4143
    ],
    [
      39,
      0.4153
    ],
    [
      40,
      0.41782
    ],
    [
      41,
      0.41718
    ],
    [
      42,
      0.41547
    ],
    [
      43,
      0.41694
    ],
    [
      44,
      0.41667
    ],
    [
      45,
      0.41861
    ],
    [
      46,
      0.41728
    ],
    [
      47,
      0.41816
    ],
    [
      48,
      0.41622
    ],
    [
      49,
      0.41525
    ],
    [
      50,
      0.41593
    ],
    [
      51,
      0.41552
    ],
    [
      52,
      0.41491
    ],
    [
      53,
      0.41602
    ],
    [
      54,
      0.41602
    ],
    [
      55,
      0.41668
    ],
    [
      56,
      0.41519
    ],
    [
      57,
      0.41645
    ],
    [
      58,
      0.4168
    ],
    [
      59,
      0.4173
    ],
    [
      60,
      0.41617
    ],
    [
      61,
      0.41724
    ],
    [
      62,
      0.4167
    ],
    [
      63,
      0.41752
    ],
    [
      64,
      0.41564
    ],
    [
      65,
      0.41689
    ],
    [
      66,
      0.41556
    ],
    [
      67,
      0.41682
    ],
    [
      68,
      0.41582
    ],
    [
      69,
      0.41604
    ],
    [
      70,
      0.41504
    ],
    [
      71,
      0.41588
    ],
    [
      72,
      0.415
    ],
    [
      73,
      0.41557
    ],
    [
      74,
      0.41596
    ],
    [
      75,
      0.41544
    ],
    [
      76,
      0.41407
    ],
    [
      77,
      0.41475
    ],
    [
      78,
      0.4145
    ],
    [
      79,
      0.41571
    ],
    [
      80,
      0.41558
    ],
    [
      81,
      0.41527
    ],
    [
      82,
      0.41551
    ],
    [
      83,
      0.41444
    ],
    [
      84,
      0.41444
    ],
    [
      85,
      0.41525
    ],
    [
      86,
      0.41421
    ],
    [
      87,
      0.41467
    ],
    [
      88,
      0.41484
    ],
    [
      89,
      0.41576
    ],
    [
      90,
      0.41445
    ],
    [
      91,
      0.41601
    ],
    [
      92,
      0.41523
    ],
    [
      93,
      0.41433
    ],
    [
      94,
      0.41361
    ],
    [
      95,
      0.41354
    ],
    [
      96,
      0.41366
    ],
    [
      97,
      0.41461
    ],
    [
      98,
      0.41509
    ],
    [
      99,
      0.41523
    ],
    [
      100,
      0.41421
    ]
  ],