{
  "anchors": [
    3.25,
    3.06,
    2.31,
    2.22,
    1.69,
    1.59,
    2.03,
    1.94,
    1.28,
    1.25
  ],
  "inputs": {
    "input0": [
      224,
      224,
      3
    ]
  },
  "outputs": {
    "output0": [
      7,
      7,
      60
    ]
  },
  "params_quantity": 1879116,
  "loss": [
    [
      1,
      1.4201
    ],
    [
      2,
      0.53229
    ],
    [
      3,
      0.32936
    ],
    [
      4,
      0.25619
    ],
    [
      5,
      0.19892
    ],
    [
      6,
      0.53763
    ],
    [
      7,
      0.24588
    ],
    [
      8,
      0.1775
    ],
    [
      9,
      0.10884
    ],
    [
      10,
      0.07242
    ],
    [
      11,
      0.05902
    ],
    [
      12,
      0.06015
    ],
    [
      13,
      0.04604
    ],
    [
      14,
      0.04132
    ],
    [
      15,
      0.03799
    ],
    [
      16,
      0.02931
    ],
    [
      17,
      0.02493
    ],
    [
      18,
      0.02307
    ],
    [
      19,
      0.02329
    ],
    [
      20,
      0.02614
    ],
    [
      21,
      0.02501
    ],
    [
      22,
      0.02413
    ],
    [
      23,
      0.02146
    ],
    [
      24,
      0.02072
    ],
    [
      25,
      0.0151
    ],
    [
      26,
      0.01331
    ],
    [
      27,
      0.01177
    ],
    [
      28,
      0.01112
    ],
    [
      29,
      0.01208
    ],
    [
      30,
      0.01193
    ],
    [
      31,
      0.01207
    ],
    [
      32,
      0.01136
    ],
    [
      33,
      0.01331
    ],
    [
      34,
      0.00983
    ],
    [
      35,
      0.00869
    ],
    [
      36,
      0.00799
    ],
    [
      37,
      0.00705
    ],
    [
      38,
      0.0064
    ],
    [
      39,
      0.00604
    ],
    [
      40,
      0.00752
    ],
    [
      41,
      0.00686
    ],
    [
      42,
      0.00678
    ],
    [
      43,
      0.0064
    ],
    [
      44,
      0.00575
    ],
    [
      45,
      0.00574
    ],
    [
      46,
      0.00504
    ],
    [
      47,
      0.00445
    ],
    [
      48,
      0.00435
    ],
    [
      49,
      0.0041
    ],
    [
      50,
      0.00397
    ],
    [
      51,
      0.00382
    ],
    [
      52,
      0.00382
    ],
    [
      53,
      0.00346
    ],
    [
      54,
      0.00324
    ],
    [
      55,
      0.00332
    ],
    [
      56,
      0.00325
    ],
    [
      57,
      0.00356
    ],
    [
      58,
      0.00347
    ],
    [
      59,
      0.00342
    ],
    [
      60,
      0.00302
    ],
    [
      61,
      0.00301
    ],
    [
      62,
      0.00279
    ],
    [
      63,
      0.00275
    ],
    [
      64,
      0.00271
    ],
    [
      65,
      0.00284
    ],
    [
      66,
      0.00268
    ],
    [
      67,
      0.00257
    ],
    [
      68,
      0.00249
    ],
    [
      69,
      0.00254
    ],
    [
      70,
      0.0024
    ],
    [
      71,
      0.00225
    ],
    [
      72,
      0.00231
    ],
    [
      73,
      0.00225
    ],
    [
      74,
      0.00213
    ],
    [
      75,
      0.00222
    ],
    [
      76,
      0.00224
    ],
    [
      77,
      0.0022
    ],
    [
      78,
      0.00207
    ],
    [
      79,
      0.00204
    ],
    [
      80,
      0.00169
    ],
    [
      81,
      0.00171
    ],
    [
      82,
      0.00177
    ],
    [
      83,
      0.00174
    ],
    [
      84,
      0.0017
    ],
    [
      85,
      0.00178
    ],
    [
      86,
      0.00166
    ],
    [
      87,
      0.00167
    ],
    [
      88,
      0.00174
    ],
    [
      89,
      0.00162
    ],
    [
      90,
      0.00154
    ],
    [
      91,
      0.00171
    ],
    [
      92,
      0.0016
    ],
    [
      93,
      0.00154
    ],
    [
      94,
      0.00146
    ],
    [
      95,
      0.00143
    ],
    [
      96,
      0.0015
    ],
    [
      97,
      0.00149
    ],
    [
      98,
      0.00144
    ],
    [
      99,
      0.00141
    ],
    [
      100,
      0.00151
    ]
  ],
  "acc": [
    [
      1,
      0.27404
    ],
    [
      2,
      0.37114
    ],
    [
      3,
      0.4431
    ],
    [
      4,
      0.39716
    ],
    [
      5,
      0.45432
    ],
    [
      6,
      0.29986
    ],
    [
      7,
      0.41494
    ],
    [
      8,
      0.39838
    ],
    [
      9,
      0.37406
    ],
    [
      10,
      0.35425
    ],
    [
      11,
      0.35015
    ],
    [
      12,
      0.34215
    ],
    [
      13,
      0.33516
    ],
    [
      14,
      0.33579
    ],
    [
      15,
      0.33878
    ],
    [
      16,
      0.33551
    ],
    [
      17,
      0.3312
    ],
    [
      18,
      0.32459
    ],
    [
      19,
      0.32146
    ],
    [
      20,
      0.32429
    ],
    [
      21,
      0.32262
    ],
    [
      22,
      0.32513
    ],
    [
      23,
      0.32726
    ],
    [
      24,
      0.32681
    ],
    [
      25,
      0.3238
    ],
    [
      26,
      0.32164
    ],
    [
      27,
      0.32117
    ],
    [
      28,
      0.31995
    ],
    [
      29,
      0.32102
    ],
    [
      30,
      0.32202
    ],
    [
      31,
      0.32347
    ],
    [
      32,
      0.3248
    ],
    [
      33,
      0.32156
    ],
    [
      34,
      0.31604
    ],
    [
      35,
      0.31586
    ],
    [
      36,
      0.3134
    ],
    [
      37,
      0.31557
    ],
    [
      38,
      0.31458
    ],
    [
      39,
      0.31389
    ],
    [
      40,
      0.31548
    ],
    [
      41,
      0.31461
    ],
    [
      42,
      0.31144
    ],
    [
      43,
      0.31098
    ],
    [
      44,
      0.31368
    ],
    [
      45,
      0.31285
    ],
    [
      46,
      0.31154
    ],
    [
      47,
      0.31181
    ],
    [
      48,
      0.30779
    ],
    [
      49,
      0.3091
    ],
    [
      50,
      0.31048
    ],
    [
      51,
      0.31209
    ],
    [
      52,
      0.31278
    ],
    [
      53,
      0.31305
    ],
    [
      54,
      0.31179
    ],
    [
      55,
      0.31325
    ],
    [
      56,
      0.31316
    ],
    [
      57,
      0.31432
    ],
    [
      58,
      0.31215
    ],
    [
      59,
      0.31128
    ],
    [
      60,
      0.31041
    ],
    [
      61,
      0.31193
    ],
    [
      62,
      0.31083
    ],
    [
      63,
      0.31265
    ],
    [
      64,
      0.31283
    ],
    [
      65,
      0.31106
    ],
    [
      66,
      0.31148
    ],
    [
      67,
      0.31516
    ],
    [
      68,
      0.31382
    ],
    [
      69,
      0.31443
    ],
    [
      70,
      0.31452
    ],
    [
      71,
      0.31307
    ],
    [
      72,
      0.31475
    ],
    [
      73,
      0.31442
    ],
    [
      74,
      0.31652
    ],
    [
      75,
      0.316
    ],
    [
      76,
      0.31269
    ],
    [
      77,
      0.31376
    ],
    [
      78,
      0.31352
    ],
    [
      79,
      0.31274
    ],
    [
      80,
      0.31227
    ],
    [
      81,
      0.31312
    ],
    [
      82,
      0.31175
    ],
    [
      83,
      0.31154
    ],
    [
      84,
      0.31135
    ],
    [
      85,
      0.31417
    ],
    [
      86,
      0.31262
    ],
    [
      87,
      0.31173
    ],
    [
      88,
      0.31239
    ],
    [
      89,
      0.31417
    ],
    [
      90,
      0.31359
    ],
    [
      91,
      0.31509
    ],
    [
      92,
      0.31441
    ],
    [
      93,
      0.31482
    ],
    [
      94,
      0.31521
    ],
    [
      95,
      0.31427
    ],
    [
      96,
      0.31357
    ],
    [
      97,
      0.31384
    ],
    [
      98,
      0.31341
    ],
    [
      99,
      0.31407
    ],
    [
      100,
      0.31391
    ]
  ],